{
	"credit": "Made with Blockbench",
	"texture_size": [64, 64],
	"textures": {
		"0": "item/water_still",
		"1": "item/water_flow",
		"2": "item/axolotld",
		"particle": "item/water_still"
	},
	"elements": [
		{
			"from": [0, 0, 0],
			"to": [16, 13, 16],
			"faces": {
				"north": {"uv": [0, 9.5, 8, 16], "texture": "#1"},
				"east": {"uv": [0, 9.5, 8, 16], "texture": "#1"},
				"south": {"uv": [0, 9.5, 8, 16], "texture": "#1"},
				"west": {"uv": [0, 9.5, 8, 16], "texture": "#1"},
				"up": {"uv": [0, 0, 16, 16], "texture": "#0"},
				"down": {"uv": [0, 0, 16, 16], "texture": "#0"}
			}
		},
		{
			"name": "tail",
			"from": [8, 4, 13],
			"to": [8, 9, 25],
			"rotation": {"angle": 0, "axis": "y", "origin": [8, 0, 8]},
			"faces": {
				"north": {"uv": [3.5, 7.75, 3.5, 9], "texture": "#2"},
				"east": {"uv": [0.5, 7.75, 3.5, 9], "texture": "#2"},
				"south": {"uv": [6.5, 7.75, 6.5, 9], "texture": "#2"},
				"west": {"uv": [3.5, 7.75, 6.5, 9], "texture": "#2"},
				"up": {"uv": [3.5, 7.75, 3.5, 4.75], "texture": "#2"},
				"down": {"uv": [3.5, 4.75, 3.5, 7.75], "texture": "#2"}
			}
		},
		{
			"name": "leg1",
			"from": [10.5, 0, 11],
			"to": [13.5, 5, 11],
			"rotation": {"angle": 0, "axis": "y", "origin": [8, 0, 8]},
			"faces": {
				"north": {"uv": [0.5, 3.25, 1.25, 4.5], "texture": "#2"},
				"east": {"uv": [0.5, 3.25, 0.5, 4.5], "texture": "#2"},
				"south": {"uv": [1.25, 3.25, 2, 4.5], "texture": "#2"},
				"west": {"uv": [1.25, 3.25, 1.25, 4.5], "texture": "#2"},
				"up": {"uv": [1.25, 3.25, 0.5, 3.25], "texture": "#2"},
				"down": {"uv": [2, 3.25, 1.25, 3.25], "texture": "#2"}
			}
		},
		{
			"name": "leg3",
			"from": [10.5, 0, 4],
			"to": [13.5, 5, 4],
			"rotation": {"angle": 0, "axis": "y", "origin": [8, 0, 8]},
			"faces": {
				"north": {"uv": [0.5, 3.25, 1.25, 4.5], "texture": "#2"},
				"east": {"uv": [0.5, 3.25, 0.5, 4.5], "texture": "#2"},
				"south": {"uv": [1.25, 3.25, 2, 4.5], "texture": "#2"},
				"west": {"uv": [1.25, 3.25, 1.25, 4.5], "texture": "#2"},
				"up": {"uv": [1.25, 3.25, 0.5, 3.25], "texture": "#2"},
				"down": {"uv": [2, 3.25, 1.25, 3.25], "texture": "#2"}
			}
		},
		{
			"name": "leg2",
			"from": [2.5, 0, 11],
			"to": [5.5, 5, 11],
			"rotation": {"angle": 0, "axis": "y", "origin": [8, 0, 8]},
			"faces": {
				"north": {"uv": [0.5, 3.25, 1.25, 4.5], "texture": "#2"},
				"east": {"uv": [0.5, 3.25, 0.5, 4.5], "texture": "#2"},
				"south": {"uv": [1.25, 3.25, 2, 4.5], "texture": "#2"},
				"west": {"uv": [1.25, 3.25, 1.25, 4.5], "texture": "#2"},
				"up": {"uv": [1.25, 3.25, 0.5, 3.25], "texture": "#2"},
				"down": {"uv": [2, 3.25, 1.25, 3.25], "texture": "#2"}
			}
		},
		{
			"name": "leg4",
			"from": [2.5, 0, 4],
			"to": [5.5, 5, 4],
			"rotation": {"angle": 0, "axis": "y", "origin": [8, 0, 8]},
			"faces": {
				"north": {"uv": [0.5, 3.25, 1.25, 4.5], "texture": "#2"},
				"east": {"uv": [0.5, 3.25, 0.5, 4.5], "texture": "#2"},
				"south": {"uv": [1.25, 3.25, 2, 4.5], "texture": "#2"},
				"west": {"uv": [1.25, 3.25, 1.25, 4.5], "texture": "#2"},
				"up": {"uv": [1.25, 3.25, 0.5, 3.25], "texture": "#2"},
				"down": {"uv": [2, 3.25, 1.25, 3.25], "texture": "#2"}
			}
		},
		{
			"name": "body",
			"from": [4, 4, 3],
			"to": [12, 8, 13],
			"rotation": {"angle": 0, "axis": "y", "origin": [8, 0, 8]},
			"faces": {
				"north": {"uv": [2.5, 5.25, 4.5, 6.25], "texture": "#2"},
				"east": {"uv": [0, 5.25, 2.5, 6.25], "texture": "#2"},
				"south": {"uv": [7, 5.25, 9, 6.25], "texture": "#2"},
				"west": {"uv": [4.5, 5.25, 7, 6.25], "texture": "#2"},
				"up": {"uv": [4.5, 5.25, 2.5, 2.75], "texture": "#2"},
				"down": {"uv": [6.5, 2.75, 4.5, 5.25], "texture": "#2"}
			}
		},
		{
			"name": "body",
			"from": [8, 4, 4],
			"to": [8, 9, 13],
			"rotation": {"angle": 0, "axis": "y", "origin": [8, 0, 8]},
			"faces": {
				"north": {"uv": [2.75, 6.5, 2.75, 7.75], "texture": "#2"},
				"east": {"uv": [0.5, 6.5, 2.75, 7.75], "texture": "#2"},
				"south": {"uv": [5, 6.5, 5, 7.75], "texture": "#2"},
				"west": {"uv": [2.75, 6.5, 5, 7.75], "texture": "#2"},
				"up": {"uv": [2.75, 6.5, 2.75, 4.25], "texture": "#2"},
				"down": {"uv": [2.75, 4.25, 2.75, 6.5], "texture": "#2"}
			}
		},
		{
			"name": "right_gills",
			"from": [1, 4, 2],
			"to": [4, 11, 2],
			"rotation": {"angle": 0, "axis": "y", "origin": [8, 0, 8]},
			"faces": {
				"north": {"uv": [2.75, 10, 3.5, 11.75], "texture": "#2"},
				"east": {"uv": [2.75, 10, 2.75, 11.75], "texture": "#2"},
				"south": {"uv": [3.5, 10, 4.25, 11.75], "texture": "#2"},
				"west": {"uv": [3.5, 10, 3.5, 11.75], "texture": "#2"},
				"up": {"uv": [3.5, 10, 2.75, 10], "texture": "#2"},
				"down": {"uv": [4.25, 10, 3.5, 10], "texture": "#2"}
			}
		},
		{
			"name": "left_gills",
			"from": [12, 4, 2],
			"to": [15, 11, 2],
			"rotation": {"angle": 0, "axis": "y", "origin": [8, 0, 8]},
			"faces": {
				"north": {"uv": [0, 10, 0.75, 11.75], "texture": "#2"},
				"east": {"uv": [0, 10, 0, 11.75], "texture": "#2"},
				"south": {"uv": [0.75, 10, 1.5, 11.75], "texture": "#2"},
				"west": {"uv": [0.75, 10, 0.75, 11.75], "texture": "#2"},
				"up": {"uv": [0.75, 10, 0, 10], "texture": "#2"},
				"down": {"uv": [1.5, 10, 0.75, 10], "texture": "#2"}
			}
		},
		{
			"name": "top_gills",
			"from": [4, 9, 2],
			"to": [12, 12, 2],
			"rotation": {"angle": 0, "axis": "y", "origin": [8, 0, 8]},
			"faces": {
				"north": {"uv": [0.75, 9.25, 2.75, 10], "texture": "#2"},
				"east": {"uv": [0.75, 9.25, 0.75, 10], "texture": "#2"},
				"south": {"uv": [2.75, 9.25, 4.75, 10], "texture": "#2"},
				"west": {"uv": [2.75, 9.25, 2.75, 10], "texture": "#2"},
				"up": {"uv": [2.75, 9.25, 0.75, 9.25], "texture": "#2"},
				"down": {"uv": [4.75, 9.25, 2.75, 9.25], "texture": "#2"}
			}
		},
		{
			"name": "head",
			"from": [4, 4, -2],
			"to": [12, 9, 3],
			"rotation": {"angle": 0, "axis": "y", "origin": [8, 0, 8]},
			"faces": {
				"north": {"uv": [1.25, 1.5, 3.25, 2.75], "texture": "#2"},
				"east": {"uv": [0, 1.5, 1.25, 2.75], "texture": "#2"},
				"south": {"uv": [4.5, 1.5, 6.5, 2.75], "texture": "#2"},
				"west": {"uv": [3.25, 1.5, 4.5, 2.75], "texture": "#2"},
				"up": {"uv": [3.25, 1.5, 1.25, 0.25], "texture": "#2"},
				"down": {"uv": [5.25, 0.25, 3.25, 1.5], "texture": "#2"}
			}
		}
	],
	"display": {
		"thirdperson_righthand": {
			"rotation": [75, 45, 0],
			"translation": [0, 2.5, 0],
			"scale": [0.375, 0.375, 0.375]
		},
		"thirdperson_lefthand": {
			"rotation": [75, 45, 0],
			"translation": [0, 2.5, 0],
			"scale": [0.375, 0.375, 0.375]
		},
		"firstperson_righthand": {
			"rotation": [0, 45, 0],
			"scale": [0.4, 0.4, 0.4]
		},
		"firstperson_lefthand": {
			"rotation": [0, 225, 0],
			"scale": [0.4, 0.4, 0.4]
		},
		"ground": {
			"translation": [0, 3, 0],
			"scale": [0.25, 0.25, 0.25]
		},
		"gui": {
			"rotation": [30, 225, 0],
			"scale": [0.625, 0.625, 0.625]
		},
		"fixed": {
			"scale": [0.5, 0.5, 0.5]
		}
	},
	"groups": [
		0,
		{
			"name": "all",
			"origin": [8, 8, 8],
			"color": 0,
			"children": [
				{
					"name": "tail",
					"origin": [8, 6, 13],
					"color": 0,
					"children": [1]
				},
				{
					"name": "leg1",
					"origin": [11.5, 5, 11],
					"color": 0,
					"children": [2]
				},
				{
					"name": "leg3",
					"origin": [11.5, 5, 4],
					"color": 0,
					"children": [3]
				},
				{
					"name": "leg2",
					"origin": [4.5, 5, 11],
					"color": 0,
					"children": [4]
				},
				{
					"name": "leg4",
					"origin": [4.5, 5, 4],
					"color": 0,
					"children": [5]
				},
				{
					"name": "body",
					"origin": [8, 6, 12],
					"color": 0,
					"children": [6, 7]
				},
				{
					"name": "right_gills",
					"origin": [4, 6, 2],
					"color": 0,
					"children": [8]
				},
				{
					"name": "left_gills",
					"origin": [12, 6, 2],
					"color": 0,
					"children": [9]
				},
				{
					"name": "top_gills",
					"origin": [8, 9, 2],
					"color": 0,
					"children": [10]
				},
				{
					"name": "head",
					"origin": [8, 6, 3],
					"color": 0,
					"children": [11]
				}
			]
		}
	]
}