{
	"credit": "Made with Blockbench",
	"texture_size": [32, 32],
	"textures": {
		"0": "item/catcher",
		"particle": "item/catcher"
	},
	"elements": [
		{
			"from": [6.75, 0, 11.75],
			"to": [9.25, 1, 14.25],
			"rotation": {"angle": 0, "axis": "y", "origin": [7, 0, 12]},
			"faces": {
				"north": {"uv": [10.5, 9.5, 12, 10], "texture": "#0"},
				"east": {"uv": [10.5, 10, 12, 10.5], "texture": "#0"},
				"south": {"uv": [0, 11, 1.5, 11.5], "texture": "#0"},
				"west": {"uv": [11, 0, 12.5, 0.5], "texture": "#0"},
				"up": {"uv": [7.5, 3.5, 6, 2], "texture": "#0"},
				"down": {"uv": [3.5, 6.5, 2, 8], "texture": "#0"}
			}
		},
		{
			"from": [7, 0.5, 12],
			"to": [9, 7.5, 14],
			"rotation": {"angle": 22.5, "axis": "x", "origin": [8, 1, 13]},
			"faces": {
				"north": {"uv": [0, 0, 1, 3.5], "texture": "#0"},
				"east": {"uv": [1, 0, 2, 3.5], "texture": "#0"},
				"south": {"uv": [2, 0, 3, 3.5], "texture": "#0"},
				"west": {"uv": [3, 0, 4, 3.5], "texture": "#0"},
				"up": {"uv": [8, 4.5, 7, 3.5], "texture": "#0"},
				"down": {"uv": [8, 5.5, 7, 6.5], "texture": "#0"}
			}
		},
		{
			"from": [7, 6.56566, 9.11524],
			"to": [9, 8.56566, 16.11524],
			"rotation": {"angle": 0, "axis": "x", "origin": [8, 7.5, 15]},
			"faces": {
				"north": {"uv": [9, 9.5, 10, 10.5], "texture": "#0"},
				"east": {"uv": [0, 3.5, 3.5, 4.5], "texture": "#0"},
				"south": {"uv": [0, 10, 1, 11], "texture": "#0"},
				"west": {"uv": [3.5, 3.5, 7, 4.5], "texture": "#0"},
				"up": {"uv": [5, 3.5, 4, 0], "texture": "#0"},
				"down": {"uv": [1, 4.5, 0, 8], "texture": "#0"}
			}
		},
		{
			"from": [7, 8.56566, 5.11524],
			"to": [9, 10.56566, 12.11524],
			"rotation": {"angle": 0, "axis": "x", "origin": [8, 9.5, 11]},
			"faces": {
				"north": {"uv": [10, 2, 11, 3], "texture": "#0"},
				"east": {"uv": [1, 4.5, 4.5, 5.5], "texture": "#0"},
				"south": {"uv": [10, 3, 11, 4], "texture": "#0"},
				"west": {"uv": [4.5, 4.5, 8, 5.5], "texture": "#0"},
				"up": {"uv": [6, 3.5, 5, 0], "texture": "#0"},
				"down": {"uv": [2, 5.5, 1, 9], "texture": "#0"}
			}
		},
		{
			"from": [7, 10.06566, 4.11524],
			"to": [9, 14.06566, 5.11524],
			"rotation": {"angle": 0, "axis": "x", "origin": [8, 10, 4]},
			"faces": {
				"north": {"uv": [0, 8, 1, 10], "texture": "#0"},
				"east": {"uv": [5, 10, 5.5, 12], "texture": "#0"},
				"south": {"uv": [8, 3.5, 9, 5.5], "texture": "#0"},
				"west": {"uv": [5.5, 10, 6, 12], "texture": "#0"},
				"up": {"uv": [12, 1, 11, 0.5], "texture": "#0"},
				"down": {"uv": [12, 1, 11, 1.5], "texture": "#0"}
			}
		},
		{
			"from": [7, 13.86524, 0.43434],
			"to": [9, 14.86524, 4.43434],
			"rotation": {"angle": 0, "axis": "x", "origin": [8, 13.75, 4.5]},
			"faces": {
				"north": {"uv": [11, 1.5, 12, 2], "texture": "#0"},
				"east": {"uv": [9, 7, 11, 7.5], "texture": "#0"},
				"south": {"uv": [11, 2, 12, 2.5], "texture": "#0"},
				"west": {"uv": [6, 10, 8, 10.5], "texture": "#0"},
				"up": {"uv": [6, 10, 5, 8], "texture": "#0"},
				"down": {"uv": [9, 5.5, 8, 7.5], "texture": "#0"}
			}
		},
		{
			"from": [7.5, 12.37769, 2.89429],
			"to": [8.5, 13.37769, 3.99429],
			"rotation": {"angle": 45, "axis": "x", "origin": [8, 12.26245, 5.45995]},
			"faces": {
				"north": {"uv": [11, 7, 11.5, 7.5], "texture": "#0"},
				"east": {"uv": [0.5, 11.5, 1, 12], "texture": "#0"},
				"south": {"uv": [1, 11.5, 1.5, 12], "texture": "#0"},
				"west": {"uv": [11.5, 3.5, 12, 4], "texture": "#0"},
				"up": {"uv": [12, 4.5, 11.5, 4], "texture": "#0"},
				"down": {"uv": [12, 4.5, 11.5, 5], "texture": "#0"}
			}
		},
		{
			"from": [7, 4.38476, 0.43434],
			"to": [9, 5.38476, 4.43434],
			"rotation": {"angle": 0, "axis": "x", "origin": [8, 5.5, 4.5]},
			"faces": {
				"north": {"uv": [11, 2.5, 12, 3], "texture": "#0"},
				"east": {"uv": [10, 7.5, 12, 8], "texture": "#0"},
				"south": {"uv": [11, 3, 12, 3.5], "texture": "#0"},
				"west": {"uv": [10, 8, 12, 8.5], "texture": "#0"},
				"up": {"uv": [7, 10, 6, 8], "texture": "#0"},
				"down": {"uv": [8, 8, 7, 10], "texture": "#0"}
			}
		},
		{
			"from": [7.5, 5.87231, 2.89429],
			"to": [8.5, 6.87231, 3.99429],
			"rotation": {"angle": -45, "axis": "x", "origin": [8, 6.98755, 5.45995]},
			"faces": {
				"north": {"uv": [11.5, 5, 12, 5.5], "texture": "#0"},
				"east": {"uv": [11.5, 5.5, 12, 6], "texture": "#0"},
				"south": {"uv": [6, 11.5, 6.5, 12], "texture": "#0"},
				"west": {"uv": [11.5, 6, 12, 6.5], "texture": "#0"},
				"up": {"uv": [7, 12, 6.5, 11.5], "texture": "#0"},
				"down": {"uv": [12, 7, 11.5, 7.5], "texture": "#0"}
			}
		},
		{
			"from": [12.11524, 8.5, 0.43434],
			"to": [13.11524, 10.5, 4.43434],
			"rotation": {"angle": 0, "axis": "z", "origin": [12, 9.5, 4.5]},
			"faces": {
				"north": {"uv": [1.5, 11, 2, 12], "texture": "#0"},
				"east": {"uv": [8, 7.5, 10, 8.5], "texture": "#0"},
				"south": {"uv": [11, 3.5, 11.5, 4.5], "texture": "#0"},
				"west": {"uv": [8.5, 0, 10.5, 1], "texture": "#0"},
				"up": {"uv": [10.5, 10.5, 10, 8.5], "texture": "#0"},
				"down": {"uv": [11, 0, 10.5, 2], "texture": "#0"}
			}
		},
		{
			"from": [11.39305, 9, 3.65965],
			"to": [12.39305, 10, 4.75965],
			"rotation": {"angle": -45, "axis": "y", "origin": [11.81901, 9.5, 4.91875]},
			"faces": {
				"north": {"uv": [11.5, 10.5, 12, 11], "texture": "#0"},
				"east": {"uv": [11, 11.5, 11.5, 12], "texture": "#0"},
				"south": {"uv": [11.5, 11, 12, 11.5], "texture": "#0"},
				"west": {"uv": [11.5, 11.5, 12, 12], "texture": "#0"},
				"up": {"uv": [1, 12.5, 0.5, 12], "texture": "#0"},
				"down": {"uv": [12.5, 0.5, 12, 1], "texture": "#0"}
			}
		},
		{
			"from": [3.60695, 9, 3.65965],
			"to": [4.60695, 10, 4.75965],
			"rotation": {"angle": 45, "axis": "y", "origin": [4.18099, 9.5, 4.91875]},
			"faces": {
				"north": {"uv": [1, 12, 1.5, 12.5], "texture": "#0"},
				"east": {"uv": [12, 1, 12.5, 1.5], "texture": "#0"},
				"south": {"uv": [1.5, 12, 2, 12.5], "texture": "#0"},
				"west": {"uv": [12, 1.5, 12.5, 2], "texture": "#0"},
				"up": {"uv": [12.5, 2.5, 12, 2], "texture": "#0"},
				"down": {"uv": [12.5, 2.5, 12, 3], "texture": "#0"}
			}
		},
		{
			"from": [2.88476, 8.5, 0.43434],
			"to": [3.88476, 10.5, 4.43434],
			"rotation": {"angle": 0, "axis": "z", "origin": [4, 9.5, 4.5]},
			"faces": {
				"north": {"uv": [11, 4.5, 11.5, 5.5], "texture": "#0"},
				"east": {"uv": [8.5, 1, 10.5, 2], "texture": "#0"},
				"south": {"uv": [11, 5.5, 11.5, 6.5], "texture": "#0"},
				"west": {"uv": [8, 8.5, 10, 9.5], "texture": "#0"},
				"up": {"uv": [2.5, 12.5, 2, 10.5], "texture": "#0"},
				"down": {"uv": [3, 10.5, 2.5, 12.5], "texture": "#0"}
			}
		},
		{
			"from": [7, 5.06566, 4.11524],
			"to": [9, 9.06566, 5.11524],
			"rotation": {"angle": 0, "axis": "x", "origin": [8, 5, 4]},
			"faces": {
				"north": {"uv": [1, 9, 2, 11], "texture": "#0"},
				"east": {"uv": [3, 10.5, 3.5, 12.5], "texture": "#0"},
				"south": {"uv": [9, 2, 10, 4], "texture": "#0"},
				"west": {"uv": [3.5, 10.5, 4, 12.5], "texture": "#0"},
				"up": {"uv": [7, 11.5, 6, 11], "texture": "#0"},
				"down": {"uv": [12, 6.5, 11, 7], "texture": "#0"}
			}
		},
		{
			"from": [8.43434, 8.5, 4.11524],
			"to": [12.43434, 10.5, 5.11524],
			"rotation": {"angle": 0, "axis": "z", "origin": [8, 9.5, 4]},
			"faces": {
				"north": {"uv": [9, 4, 11, 5], "texture": "#0"},
				"east": {"uv": [7, 11, 7.5, 12], "texture": "#0"},
				"south": {"uv": [9, 5, 11, 6], "texture": "#0"},
				"west": {"uv": [7.5, 11, 8, 12], "texture": "#0"},
				"up": {"uv": [8, 11, 6, 10.5], "texture": "#0"},
				"down": {"uv": [12.5, 8.5, 10.5, 9], "texture": "#0"}
			}
		},
		{
			"from": [3.43434, 8.5, 4.11524],
			"to": [7.43434, 10.5, 5.11524],
			"rotation": {"angle": 0, "axis": "z", "origin": [8, 9.5, 4]},
			"faces": {
				"north": {"uv": [9, 6, 11, 7], "texture": "#0"},
				"east": {"uv": [9, 11, 9.5, 12], "texture": "#0"},
				"south": {"uv": [2, 9.5, 4, 10.5], "texture": "#0"},
				"west": {"uv": [9.5, 11, 10, 12], "texture": "#0"},
				"up": {"uv": [11, 11, 9, 10.5], "texture": "#0"},
				"down": {"uv": [12.5, 9, 10.5, 9.5], "texture": "#0"}
			}
		},
		{
			"from": [7.5, 6.56566, 6.11524],
			"to": [8.5, 8.56566, 11.11524],
			"rotation": {"angle": 22.5, "axis": "x", "origin": [8, 7.5, 11]},
			"faces": {
				"north": {"uv": [10, 11, 10.5, 12], "texture": "#0"},
				"east": {"uv": [2, 5.5, 4.5, 6.5], "texture": "#0"},
				"south": {"uv": [10.5, 11, 11, 12], "texture": "#0"},
				"west": {"uv": [4.5, 5.5, 7, 6.5], "texture": "#0"},
				"up": {"uv": [4.5, 12, 4, 9.5], "texture": "#0"},
				"down": {"uv": [5, 9.5, 4.5, 12], "texture": "#0"}
			}
		},
		{
			"from": [7.5, 6.56566, 9.11524],
			"to": [8.5, 8.56566, 14.11524],
			"rotation": {"angle": 22.5, "axis": "x", "origin": [8, 7.5, 14]},
			"faces": {
				"north": {"uv": [11, 10.5, 11.5, 11.5], "texture": "#0"},
				"east": {"uv": [6, 0, 8.5, 1], "texture": "#0"},
				"south": {"uv": [0, 11.5, 0.5, 12.5], "texture": "#0"},
				"west": {"uv": [6, 1, 8.5, 2], "texture": "#0"},
				"up": {"uv": [8.5, 12, 8, 9.5], "texture": "#0"},
				"down": {"uv": [9, 9.5, 8.5, 12], "texture": "#0"}
			}
		},
		{
			"from": [6.75, 5.5, 13.75],
			"to": [9.25, 8.5, 17],
			"rotation": {"angle": -22.5, "axis": "x", "origin": [8, 7, 15.5]},
			"faces": {
				"north": {"uv": [3.5, 6.5, 5, 8], "texture": "#0"},
				"east": {"uv": [5, 6.5, 6.5, 8], "texture": "#0"},
				"south": {"uv": [6.5, 6.5, 8, 8], "texture": "#0"},
				"west": {"uv": [7.5, 2, 9, 3.5], "texture": "#0"},
				"up": {"uv": [3.5, 9.5, 2, 8], "texture": "#0"},
				"down": {"uv": [5, 8, 3.5, 9.5], "texture": "#0"}
			}
		}
	],
	"display": {
		"thirdperson_righthand": {
			"rotation": [-15.25, 0, 0],
			"translation": [0, 1.25, -5.25]
		},
		"thirdperson_lefthand": {
			"rotation": [-15.25, 0, 0],
			"translation": [0, 1.25, -5.25]
		},
		"firstperson_righthand": {
			"rotation": [18, 6, 0],
			"translation": [0, 0.5, 1.5]
		},
		"firstperson_lefthand": {
			"rotation": [18, 6, 0],
			"translation": [0, 0.5, 1.5]
		},
		"ground": {
			"rotation": [-20, 0, 0],
			"translation": [0, 3.25, 0]
		},
		"gui": {
			"rotation": [155.24, 46.69, -127.61],
			"scale": [0.91, 0.91, 0.91]
		},
		"head": {
			"rotation": [-90, 0, 0],
			"translation": [0, 13.75, 3],
			"scale": [1.69, 1.69, 1.69]
		},
		"fixed": {
			"rotation": [79.79, -58.84, 81.25]
		}
	},
	"groups": [
		{
			"name": "group",
			"origin": [7, 0, 12],
			"color": 0,
			"children": [0, 1, 2, 3, 4, 5, 6, 7, 8, 9, 10, 11, 12, 13, 14, 15, 16, 17, 18]
		}
	]
}