{
	"credit": "Made with Blockbench",
	"texture_size": [32, 32],
	"textures": {
		"0": "item/water_still",
		"1": "item/water_flow",
		"2": "item/codd",
		"particle": "item/water_still"
	},
	"elements": [
		{
			"from": [0, 0, 0],
			"to": [16, 13, 16],
			"faces": {
				"north": {"uv": [0, 9.5, 8, 16], "texture": "#1"},
				"east": {"uv": [0, 9.5, 8, 16], "texture": "#1"},
				"south": {"uv": [0, 9.5, 8, 16], "texture": "#1"},
				"west": {"uv": [0, 9.5, 8, 16], "texture": "#1"},
				"up": {"uv": [0, 0, 16, 16], "texture": "#0"},
				"down": {"uv": [0, 0, 16, 16], "texture": "#0"}
			}
		},
		{
			"name": "tail",
			"from": [8, 3, 12],
			"to": [8, 7, 16],
			"rotation": {"angle": 0, "axis": "y", "origin": [8, 3, 5]},
			"faces": {
				"north": {"uv": [13, 3.5, 13, 5.5], "texture": "#2"},
				"east": {"uv": [11, 3.5, 13, 5.5], "texture": "#2"},
				"south": {"uv": [15, 3.5, 15, 5.5], "texture": "#2"},
				"west": {"uv": [13, 3.5, 15, 5.5], "texture": "#2"},
				"up": {"uv": [13, 3.5, 13, 1.5], "texture": "#2"},
				"down": {"uv": [13, 1.5, 13, 3.5], "texture": "#2"}
			}
		},
		{
			"name": "fin_back",
			"from": [8, 7, 4],
			"to": [8, 8, 10],
			"rotation": {"angle": 0, "axis": "y", "origin": [8, 3, 5]},
			"faces": {
				"north": {"uv": [13, 0, 13, 0.5], "texture": "#2"},
				"east": {"uv": [10, 0, 13, 0.5], "texture": "#2"},
				"south": {"uv": [16, 0, 16, 0.5], "texture": "#2"},
				"west": {"uv": [13, 0, 16, 0.5], "texture": "#2"},
				"up": {"uv": [13, 0, 13, -3], "texture": "#2"},
				"down": {"uv": [13, -3, 13, 0], "texture": "#2"}
			}
		},
		{
			"name": "nose",
			"from": [7, 4, 1],
			"to": [9, 7, 2],
			"rotation": {"angle": 0, "axis": "y", "origin": [8, 3, 5]},
			"faces": {
				"north": {"uv": [0.5, 0.5, 1.5, 2], "texture": "#2"},
				"east": {"uv": [0, 0.5, 0.5, 2], "texture": "#2"},
				"south": {"uv": [2, 0.5, 3, 2], "texture": "#2"},
				"west": {"uv": [1.5, 0.5, 2, 2], "texture": "#2"},
				"up": {"uv": [1.5, 0.5, 0.5, 0], "texture": "#2"},
				"down": {"uv": [2.5, 0, 1.5, 0.5], "texture": "#2"}
			}
		},
		{
			"name": "head",
			"from": [7, 3, 2],
			"to": [9, 7, 5],
			"rotation": {"angle": 0, "axis": "y", "origin": [8, 3, 5]},
			"faces": {
				"north": {"uv": [7, 1.5, 8, 3.5], "texture": "#2"},
				"east": {"uv": [5.5, 1.5, 7, 3.5], "texture": "#2"},
				"south": {"uv": [9.5, 1.5, 10.5, 3.5], "texture": "#2"},
				"west": {"uv": [8, 1.5, 9.5, 3.5], "texture": "#2"},
				"up": {"uv": [8, 1.5, 7, 0], "texture": "#2"},
				"down": {"uv": [9, 0, 8, 1.5], "texture": "#2"}
			}
		},
		{
			"name": "body",
			"from": [7, 3, 5],
			"to": [9, 7, 12],
			"rotation": {"angle": 0, "axis": "y", "origin": [8, 3, 5]},
			"faces": {
				"north": {"uv": [3.5, 3.5, 4.5, 5.5], "texture": "#2"},
				"east": {"uv": [0, 3.5, 3.5, 5.5], "texture": "#2"},
				"south": {"uv": [8, 3.5, 9, 5.5], "texture": "#2"},
				"west": {"uv": [4.5, 3.5, 8, 5.5], "texture": "#2"},
				"up": {"uv": [4.5, 3.5, 3.5, 0], "texture": "#2"},
				"down": {"uv": [5.5, 0, 4.5, 3.5], "texture": "#2"}
			}
		},
		{
			"name": "right_fin",
			"from": [9, 4, 4],
			"to": [11, 4, 6],
			"rotation": {"angle": 0, "axis": "y", "origin": [8, 3, 5]},
			"faces": {
				"north": {"uv": [13, 1.5, 14, 1.5], "texture": "#2"},
				"east": {"uv": [12, 1.5, 13, 1.5], "texture": "#2"},
				"south": {"uv": [15, 1.5, 16, 1.5], "texture": "#2"},
				"west": {"uv": [14, 1.5, 15, 1.5], "texture": "#2"},
				"up": {"uv": [14, 1.5, 13, 0.5], "texture": "#2"},
				"down": {"uv": [15, 0.5, 14, 1.5], "texture": "#2"}
			}
		},
		{
			"name": "left_fin",
			"from": [5, 4, 4],
			"to": [7, 4, 6],
			"rotation": {"angle": 0, "axis": "y", "origin": [8, 3, 5]},
			"faces": {
				"north": {"uv": [13, 3, 14, 3], "texture": "#2"},
				"east": {"uv": [12, 3, 13, 3], "texture": "#2"},
				"south": {"uv": [15, 3, 16, 3], "texture": "#2"},
				"west": {"uv": [14, 3, 15, 3], "texture": "#2"},
				"up": {"uv": [14, 3, 13, 2], "texture": "#2"},
				"down": {"uv": [15, 2, 14, 3], "texture": "#2"}
			}
		}
	],
	"display": {
		"thirdperson_righthand": {
			"rotation": [75, 45, 0],
			"translation": [0, 2.5, 0],
			"scale": [0.375, 0.375, 0.375]
		},
		"thirdperson_lefthand": {
			"rotation": [75, 45, 0],
			"translation": [0, 2.5, 0],
			"scale": [0.375, 0.375, 0.375]
		},
		"firstperson_righthand": {
			"rotation": [0, 45, 0],
			"scale": [0.4, 0.4, 0.4]
		},
		"firstperson_lefthand": {
			"rotation": [0, 225, 0],
			"scale": [0.4, 0.4, 0.4]
		},
		"ground": {
			"translation": [0, 3, 0],
			"scale": [0.25, 0.25, 0.25]
		},
		"gui": {
			"rotation": [30, 225, 0],
			"scale": [0.625, 0.625, 0.625]
		},
		"fixed": {
			"scale": [0.5, 0.5, 0.5]
		}
	},
	"groups": [
		0,
		{
			"name": "group",
			"origin": [8, 8, 8],
			"color": 0,
			"children": [
				{
					"name": "tail",
					"origin": [8, 2, 15],
					"color": 0,
					"children": [1]
				},
				{
					"name": "fin_back",
					"origin": [8, 4, 8],
					"color": 0,
					"children": [2]
				},
				{
					"name": "fin_right",
					"origin": [8, 0, 8],
					"color": 0,
					"children": []
				},
				{
					"name": "fin_left",
					"origin": [8, 0, 8],
					"color": 0,
					"children": []
				},
				{
					"name": "nose",
					"origin": [8, 2, 5],
					"color": 0,
					"children": [3]
				},
				{
					"name": "head",
					"origin": [8, 2, 8],
					"color": 0,
					"children": [4]
				},
				{
					"name": "body",
					"origin": [8, 2, 8],
					"color": 0,
					"children": [
						5,
						{
							"name": "right_fin",
							"origin": [9, 1, 8],
							"color": 0,
							"children": [6]
						},
						{
							"name": "left_fin",
							"origin": [7, 1, 8],
							"color": 0,
							"children": [7]
						}
					]
				}
			]
		}
	]
}