{
	"credit": "Made with Blockbench",
	"texture_size": [32, 32],
	"textures": {
		"0": "item/water_still",
		"1": "item/salmond",
		"particle": "item/water_still"
	},
	"elements": [
		{
			"from": [0, 0, 0],
			"to": [16, 13, 16],
			"faces": {
				"north": {"uv": [0, 0, 16, 16], "texture": "#0"},
				"east": {"uv": [0, 0, 16, 16], "texture": "#0"},
				"south": {"uv": [0, 0, 16, 16], "texture": "#0"},
				"west": {"uv": [0, 0, 16, 16], "texture": "#0"},
				"up": {"uv": [0, 0, 16, 16], "texture": "#0"},
				"down": {"uv": [0, 0, 16, 16], "texture": "#0"}
			}
		},
		{
			"name": "body_front",
			"from": [6.5, 3.5, 0],
			"to": [9.5, 8.5, 8],
			"rotation": {"angle": 45, "axis": "y", "origin": [8, 6, 8]},
			"faces": {
				"north": {"uv": [4, 4, 5.5, 6.5], "texture": "#1"},
				"east": {"uv": [0, 4, 4, 6.5], "texture": "#1"},
				"south": {"uv": [9.5, 4, 11, 6.5], "texture": "#1"},
				"west": {"uv": [5.5, 4, 9.5, 6.5], "texture": "#1"},
				"up": {"uv": [5.5, 4, 4, 0], "texture": "#1"},
				"down": {"uv": [7, 0, 5.5, 4], "texture": "#1"}
			}
		},
		{
			"name": "right_fin",
			"from": [9.5, 3.5, 1],
			"to": [11.5, 5.5, 1],
			"rotation": {"angle": 45, "axis": "y", "origin": [8, 6, 8]},
			"faces": {
				"north": {"uv": [0, 0, 1, 1], "texture": "#1"},
				"east": {"uv": [0, 0, 0, 1], "texture": "#1"},
				"south": {"uv": [1, 0, 2, 1], "texture": "#1"},
				"west": {"uv": [1, 0, 1, 1], "texture": "#1"},
				"up": {"uv": [1, 0, 0, 0], "texture": "#1"},
				"down": {"uv": [2, 0, 1, 0], "texture": "#1"}
			}
		},
		{
			"name": "left_fin",
			"from": [4.5, 3.5, 1],
			"to": [6.5, 5.5, 1],
			"rotation": {"angle": 45, "axis": "y", "origin": [8, 6, 8]},
			"faces": {
				"north": {"uv": [2, 0, 3, 1], "texture": "#1"},
				"east": {"uv": [2, 0, 2, 1], "texture": "#1"},
				"south": {"uv": [3, 0, 4, 1], "texture": "#1"},
				"west": {"uv": [3, 0, 3, 1], "texture": "#1"},
				"up": {"uv": [3, 0, 2, 0], "texture": "#1"},
				"down": {"uv": [4, 0, 3, 0], "texture": "#1"}
			}
		},
		{
			"name": "tail",
			"from": [8, 3.5, 16],
			"to": [8, 8.5, 22],
			"rotation": {"angle": 45, "axis": "y", "origin": [8, 6, 8]},
			"faces": {
				"north": {"uv": [13, 8, 13, 10.5], "texture": "#1"},
				"east": {"uv": [10, 8, 13, 10.5], "texture": "#1"},
				"south": {"uv": [16, 8, 16, 10.5], "texture": "#1"},
				"west": {"uv": [13, 8, 16, 10.5], "texture": "#1"},
				"up": {"uv": [13, 8, 13, 5], "texture": "#1"},
				"down": {"uv": [13, 5, 13, 8], "texture": "#1"}
			}
		},
		{
			"name": "fin_back_2",
			"from": [8, 8.5, 7],
			"to": [8, 10.5, 11],
			"rotation": {"angle": 45, "axis": "y", "origin": [8, 6, 8]},
			"faces": {
				"north": {"uv": [2, 3, 2, 4], "texture": "#1"},
				"east": {"uv": [0, 3, 2, 4], "texture": "#1"},
				"south": {"uv": [4, 3, 4, 4], "texture": "#1"},
				"west": {"uv": [2, 3, 4, 4], "texture": "#1"},
				"up": {"uv": [2, 3, 2, 1], "texture": "#1"},
				"down": {"uv": [2, 1, 2, 3], "texture": "#1"}
			}
		},
		{
			"name": "fin_back_1",
			"from": [8, 8.5, 6],
			"to": [8, 10.5, 8],
			"rotation": {"angle": 45, "axis": "y", "origin": [8, 6, 8]},
			"faces": {
				"north": {"uv": [3, 2, 3, 3], "texture": "#1"},
				"east": {"uv": [2, 2, 3, 3], "texture": "#1"},
				"south": {"uv": [4, 2, 4, 3], "texture": "#1"},
				"west": {"uv": [3, 2, 4, 3], "texture": "#1"},
				"up": {"uv": [3, 2, 3, 1], "texture": "#1"},
				"down": {"uv": [3, 1, 3, 2], "texture": "#1"}
			}
		},
		{
			"name": "head",
			"from": [7, 4, -3],
			"to": [9, 8, 0],
			"rotation": {"angle": 45, "axis": "y", "origin": [8, 6, 8]},
			"faces": {
				"north": {"uv": [12.5, 1.5, 13.5, 3.5], "texture": "#1"},
				"east": {"uv": [11, 1.5, 12.5, 3.5], "texture": "#1"},
				"south": {"uv": [15, 1.5, 16, 3.5], "texture": "#1"},
				"west": {"uv": [13.5, 1.5, 15, 3.5], "texture": "#1"},
				"up": {"uv": [13.5, 1.5, 12.5, 0], "texture": "#1"},
				"down": {"uv": [14.5, 0, 13.5, 1.5], "texture": "#1"}
			}
		},
		{
			"name": "body_back",
			"from": [6.5, 3.5, 8],
			"to": [9.5, 8.5, 16],
			"rotation": {"angle": 45, "axis": "y", "origin": [8, 6, 8]},
			"faces": {
				"north": {"uv": [4, 10.5, 5.5, 13], "texture": "#1"},
				"east": {"uv": [0, 10.5, 4, 13], "texture": "#1"},
				"south": {"uv": [9.5, 10.5, 11, 13], "texture": "#1"},
				"west": {"uv": [5.5, 10.5, 9.5, 13], "texture": "#1"},
				"up": {"uv": [5.5, 10.5, 4, 6.5], "texture": "#1"},
				"down": {"uv": [7, 6.5, 5.5, 10.5], "texture": "#1"}
			}
		}
	],
	"display": {
		"thirdperson_righthand": {
			"rotation": [75, 45, 0],
			"translation": [0, 2.5, 0],
			"scale": [0.375, 0.375, 0.375]
		},
		"thirdperson_lefthand": {
			"rotation": [75, 45, 0],
			"translation": [0, 2.5, 0],
			"scale": [0.375, 0.375, 0.375]
		},
		"firstperson_righthand": {
			"rotation": [0, 45, 0],
			"scale": [0.4, 0.4, 0.4]
		},
		"firstperson_lefthand": {
			"rotation": [0, 225, 0],
			"scale": [0.4, 0.4, 0.4]
		},
		"ground": {
			"translation": [0, 3, 0],
			"scale": [0.25, 0.25, 0.25]
		},
		"gui": {
			"rotation": [30, 225, 0],
			"scale": [0.625, 0.625, 0.625]
		},
		"fixed": {
			"scale": [0.5, 0.5, 0.5]
		}
	},
	"groups": [
		0,
		{
			"name": "salmon",
			"origin": [8, 8, 8],
			"color": 0,
			"children": [
				{
					"name": "body_front",
					"origin": [8, 6, 4],
					"color": 0,
					"children": [
						1,
						{
							"name": "right_fin",
							"origin": [9.5, 4.5, 5],
							"color": 0,
							"children": [2]
						},
						{
							"name": "left_fin",
							"origin": [6.5, 4.5, 5],
							"color": 0,
							"children": [3]
						}
					]
				},
				{
					"name": "fin_right",
					"origin": [8, 0, 8],
					"color": 0,
					"children": []
				},
				{
					"name": "fin_left",
					"origin": [8, 0, 8],
					"color": 0,
					"children": []
				},
				{
					"name": "tail",
					"origin": [8, 6, 20],
					"color": 0,
					"children": [4]
				},
				{
					"name": "fin_back_2",
					"origin": [8, 10.5, 11],
					"color": 0,
					"children": [5]
				},
				{
					"name": "fin_back_1",
					"origin": [8, 10.5, 9],
					"color": 0,
					"children": [6]
				},
				{
					"name": "head",
					"origin": [8, 6, 4],
					"color": 0,
					"children": [7]
				},
				{
					"name": "body_back",
					"origin": [8, 6, 12],
					"color": 0,
					"children": [8]
				}
			]
		}
	]
}