{
	"credit": "Made with Blockbench",
	"textures": {
		"0": "item/water_still",
		"1": "item/water_flow",
		"2": "item/tadpoled",
		"particle": "item/water_still"
	},
	"elements": [
		{
			"from": [0, 0, 0],
			"to": [16, 13, 16],
			"faces": {
				"north": {"uv": [0, 9.5, 8, 16], "texture": "#1"},
				"east": {"uv": [0, 9.5, 8, 16], "texture": "#1"},
				"south": {"uv": [0, 9.5, 8, 16], "texture": "#1"},
				"west": {"uv": [0, 9.5, 8, 16], "texture": "#1"},
				"up": {"uv": [0, 0, 16, 16], "texture": "#0"},
				"down": {"uv": [0, 0, 16, 16], "texture": "#0"}
			}
		},
		{
			"name": "body",
			"from": [6.5, 6, 3.5],
			"to": [9.5, 8, 6.5],
			"rotation": {"angle": 0, "axis": "y", "origin": [8, 6, 5]},
			"faces": {
				"north": {"uv": [3, 3, 6, 5], "texture": "#2"},
				"east": {"uv": [0, 3, 3, 5], "texture": "#2"},
				"south": {"uv": [9, 3, 12, 5], "texture": "#2"},
				"west": {"uv": [6, 3, 9, 5], "texture": "#2"},
				"up": {"uv": [6, 3, 3, 0], "texture": "#2"},
				"down": {"uv": [9, 0, 6, 3], "texture": "#2"}
			}
		},
		{
			"name": "tail",
			"from": [8, 6, 6.5],
			"to": [8, 8, 13.5],
			"rotation": {"angle": 0, "axis": "y", "origin": [8, 6, 5]},
			"faces": {
				"north": {"uv": [7, 7, 7, 9], "texture": "#2"},
				"east": {"uv": [0, 7, 7, 9], "texture": "#2"},
				"south": {"uv": [14, 7, 14, 9], "texture": "#2"},
				"west": {"uv": [7, 7, 14, 9], "texture": "#2"},
				"up": {"uv": [7, 7, 7, 0], "texture": "#2"},
				"down": {"uv": [7, 0, 7, 7], "texture": "#2"}
			}
		}
	],
	"display": {
		"thirdperson_righthand": {
			"rotation": [75, 45, 0],
			"translation": [0, 2.5, 0],
			"scale": [0.375, 0.375, 0.375]
		},
		"thirdperson_lefthand": {
			"rotation": [75, 45, 0],
			"translation": [0, 2.5, 0],
			"scale": [0.375, 0.375, 0.375]
		},
		"firstperson_righthand": {
			"rotation": [0, 45, 0],
			"scale": [0.4, 0.4, 0.4]
		},
		"firstperson_lefthand": {
			"rotation": [0, 225, 0],
			"scale": [0.4, 0.4, 0.4]
		},
		"ground": {
			"translation": [0, 3, 0],
			"scale": [0.25, 0.25, 0.25]
		},
		"gui": {
			"rotation": [30, 225, 0],
			"scale": [0.625, 0.625, 0.625]
		},
		"fixed": {
			"scale": [0.5, 0.5, 0.5]
		}
	},
	"groups": [
		0,
		{
			"name": "group",
			"origin": [8, 8, 8],
			"color": 0,
			"children": [
				{
					"name": "body",
					"origin": [8, 23, 9.5],
					"color": 0,
					"children": [1]
				},
				{
					"name": "tail",
					"origin": [8, 1, 9.5],
					"color": 0,
					"children": [2]
				}
			]
		}
	]
}